{
  "강남": [37.497175, 127.027926],
  "선릉": [37.504503, 127.049008],
  "서초": [37.491897, 127.007917],
  "남부터미널": [37.485013, 127.016189],
  "대치": [37.494612, 127.063642],
  "교대": [37.493415, 127.01408],
  "도곡": [37.490858, 127.055381],
  "양재": [37.484147, 127.034631]
}
